{
    "2024": [
        ": Lenny Kravitz",
        "Greta Van Fleet",
        "Dropkick Murphys",
        "Parkway Drive",
        "The Hives",
        "The Gaslight Anthem",
        "STONE",
        "Jane's Addiction",
        "PJ Harvey",
        "Black Pumas",
        "MEUTE",
        "Eefje de Visser",
        "Jalen Ngonda",
        "The Streets",
        "Nathaniel Rateliff & The Night Sweats",
        "Slowdive",
        "Johnny Marr",
        "Bombay Bicycle Club",
        "The Cat Empire",
        "The Clockworks",
        "Skindred",
        "DEHD",
        "Alice Merton",
        "Kingfishr",
        "PEUK"
    ],
    "2023": [
        ": Mumford & Sons",
        "Stormzy",
        "Sam Fender",
        "The 1975",
        "Froukje",
        "Zwangere Guy",
        "Compact Disk Dummies",
        "Iggy Pop",
        "Charlotte de Witte",
        "Warhaus",
        "King Princess",
        "Anna Calvi",
        "Weyes Blood",
        "Röyksopp",
        "Aurora",
        "Raye",
        "Ashnikko",
        "Gayle",
        "Holly Humberstone",
        "Picture This",
        "The Reytons",
        "Lil Lotus",
        "Militarie Gun",
        "Body Type",
        "The Mary Wallopers"
    ],
    "2022": [
        ": Pearl Jam",
        "The War on Drugs",
        "Pixies",
        "Rag'n'Bone Man",
        "HAIM",
        "Fontaines D.C.",
        "Gang of Youths",
        "The Kid LAROI",
        "Beck",
        "First Aid Kit",
        "Carly Rae Jepsen",
        "Airbourne",
        "The Dead South",
        "Lianne La Havas",
        "Black Pumas",
        "RY X",
        "Cigarettes After Sex",
        "Altın Gün",
        "Lady Blackbird",
        "White Reaper",
        "Glints",
        "Reignwolf",
        "Yumi Zouma",
        "Owenn",
        "ILA"
    ],
    "2019": [
        ": P!NK",
        "Bastille",
        "Elbow",
        "Paul Kalkbrenner",
        "Brockhampton",
        "Charlotte Gainsbourg",
        "Richard Ashcroft",
        "Ólafur Arnalds",
        "Vance Joy",
        "Raleigh Ritchie",
        "Maribou State",
        "Bang Bang Romeo",
        "KidCutUp",
        "Mogwai",
        "Black Box Revelation",
        "Zwangere Guy",
        "Deaf Havana",
        "Miss Angel",
        "Palace",
        "Geike",
        "The Vintage Caravan",
        "Georgia"
    ],
    "2018": [
        "Air Traffic",
        "Albert Hammond Jr",
        "Alice In Chains",
        "Anderson .Paak & The Free Nationals",
        "Angèle",
        "Angus & Julia Stone",
        "Anne-Marie",
        "Arctic Monkeys",
        "Arsenal",
        "At The Drive In",
        "Ben Howard",
        "Black Rebel Motorcycle Club",
        "blackwave.",
        "CHVRCHES",
        "Courteeners",
        "Craig David presents TS5",
        "Curtis Harding",
        "David Byrne",
        "Dermot Kennedy",
        "Durand Jones and the Indications",
        "Eels",
        "Emma Bale",
        "Equal Idiots",
        "Faces On TV",
        "Fever Ray",
        "First Aid Kit",
        "Fleet Foxes",
        "Flight Facilities",
        "Franz Ferdinand",
        "Gang Of Youths",
        "George Ezra",
        "Glints",
        "Gorillaz",
        "IAMDDB",
        "IDLES",
        "Isaac Gracie",
        "Jack Johnson",
        "Jack White",
        "Jade Bird",
        "James Bay",
        "Jorja Smith",
        "JP Cooper",
        "Kaleo",
        "Kali Uchis",
        "Keir",
        "Khalid",
        "Little Simz",
        "London Grammar",
        "Marshmello",
        "MGMT",
        "Millionaire",
        "Naaz",
        "NAO",
        "Nick Cave and the Bad Seeds",
        "Nine Inch Nails",
        "Noel Gallagher's High Flying Birds",
        "Novastar",
        "Otzeki",
        "Pale Waves",
        "Parov Stelar",
        "Pearl Jam",
        "Petit Biscuit",
        "Post Malone",
        "PVRIS",
        "Queens of the Stone Age",
        "Rae Sremmurd",
        "Rival Sons",
        "Roméo Elvis X Le Motel",
        "Rone",
        "RUSS",
        "Sam Fender",
        "Sevn Alias",
        "Sigrid",
        "Snow Patrol",
        "SONS",
        "Stereophonics",
        "Steven Wilson",
        "STIKSTOF",
        "Stone Sour",
        "The Academic",
        "The Amazons",
        "The Breeders",
        "The Killers",
        "The Kooks",
        "The Last Internationale",
        "The Magic Gang",
        "The Script",
        "The Struts",
        "The Vaccines",
        "The White Buffalo",
        "Todiefor",
        "Tom Grennan",
        "Tom Walker",
        "Triggerfinger",
        "Vince Staples",
        "Walking On Cars",
        "Wolf Alice"
    ],
    "2016": [
        "Alessia Cara",
        "Alice on the Roof",
        "At The Drive-In",
        "Aurora",
        "BADBADNOTGOOD",
        "Band of Horses",
        "Barns Courtney",
        "Bazart",
        "Bear's Den",
        "Beck",
        "Beirut",
        "Black Box Revelation",
        "Blackberry Smoke",
        "Blossoms",
        "Bring Me The Horizon",
        "Courtney Barnett",
        "Daughter",
        "Disclosure",
        "Editors",
        "Elle King",
        "Ellie Goulding",
        "Florence + the Machine",
        "Flume",
        "Foals",
        "Frightened Rabbit",
        "Gary Clark Jr.",
        "Glen Hansard",
        "Goose",
        "Gutterdämmerung",
        "Guy Garvey",
        "Iggy Pop",
        "Jagwar Ma",
        "Jake Bugg",
        "James Bay",
        "James Blake",
        "Jamie xx",
        "Kaiser Chiefs",
        "Kensington",
        "Låpsley",
        "Lianne La Havas",
        "Lost Frequencies",
        "Macklemore & Ryan Lewis",
        "Mura Masa",
        "Nathaniel Rateliff & The Night Sweats",
        "New Order",
        "Oh Wonder",
        "Parov Stelar",
        "Paul Kalkbrenner",
        "Paul McCartney",
        "PJ Harvey",
        "Puggy",
        "Rammstein",
        "Red Hot Chili Peppers",
        "Richard Hawley",
        "Robert Plant and the Sensational Space Shifters",
        "Ryan Bingham",
        "Samm Henshaw",
        "Savages",
        "Sigma Live",
        "Skunk Anansie",
        "SX",
        "Tame Impala",
        "The 1975",
        "The Last Shadow Puppets",
        "The London Souls",
        "The Offspring",
        "The Struts",
        "The Strypes",
        "The Van Jets",
        "Trixie Whitley",
        "Two Door Cinema Club",
        "Unknown Mortal Orchestra",
        "Vintage Trouble",
        "Walk Off The Earth",
        "Years & Years"
    ],
    "2015": [
        "Alabama Shakes",
        "alt-J",
        "Angus and Julia Stone",
        "Archive",
        "Balthazar",
        "Ben Harper and the Innocent Criminals",
        "Blaudzun",
        "Caribou",
        "Catfish and The Bottlemen",
        "CC Smugglers",
        "Chet Faker",
        "Christine and the Queens",
        "Circa Waves",
        "Counting Crows",
        "Damian \"Jr. Gong\" Marley",
        "Damien Rice",
        "Death Cab For Cutie",
        "De Jeugd van Tegenwoordig",
        "Die Antwoord",
        "Dotan",
        "Eagles of Death Metal",
        "Elbow",
        "Enter Shikari",
        "Faith No More",
        "FIDLAR",
        "Fink",
        "First Aid Kit",
        "FKA twigs",
        "Florence + the Machine",
        "Fufanu",
        "Gabriel Rios",
        "Gavin James",
        "Hot Chip",
        "Hozier",
        "Ibeyi",
        "ILoveMakonnen",
        "Jack Garratt",
        "James Bay",
        "John Newman",
        "Jungle",
        "Kasabian",
        "Kid Ink",
        "Kovacs",
        "Kwabs",
        "Lenny Kravitz",
        "Leon Bridges",
        "Lonely The Brave",
        "Magnus",
        "Marmozets",
        "Maxi Jazz & The E Type Boys",
        "Mumford & Sons",
        "Muse",
        "Noel Gallagher's High Flying Birds",
        "Of Monsters and Men",
        "Oscar and The Wolf",
        "Other Lives",
        "Patti Smith and her band perform Horses",
        "Pharrell Williams",
        "Red Fang",
        "Rise Against",
        "Róisín Murphy",
        "Royal Blood",
        "Ryan Adams",
        "SBTRKT",
        "Seinabo Sey",
        "Selah Sue",
        "St Paul and The Broken Bones ,The Cat Empire",
        "The Chemical Brothers",
        "The Last Internationale",
        "The Prodigy",
        "The Script",
        "The Tallest Man On Earth",
        "The Vaccines",
        "The Van Jets",
        "The War on Drugs",
        "Tout Va Bien",
        "Tove Lo",
        "Years & Years"
    ],
    "2014": [
        "Agnes Obel",
        "Altrego",
        "Angus and Julia Stone",
        "Arctic Monkeys",
        "Arsenal",
        "Babyshambles",
        "Bastille",
        "Biffy Clyro",
        "Birdy",
        "Bombay Bicycle Club",
        "Chase and Status",
        "Crystal Fighters",
        "Damon Albarn",
        "Daptone Super Soul Revue featuring Sharon Jones & the Dap-Kings",
        "Charles Bradley and his Extraordinaires",
        "Antibalas",
        "The Sugarman 3 with special guests Saun and Starr and Master of Ceremonies Binky Griptite",
        "Dropkick Murphys",
        "Eels",
        "Ellie Goulding",
        "Foals",
        "Foster The People",
        "Franz Ferdinand",
        "George Ezra",
        "Gesaffelstein",
        "Haim",
        "Imagine Dragons",
        "Interpol",
        "Jack Johnson",
        "Jonny Lang",
        "Katy B",
        "Kings of Leon",
        "Kodaline",
        "Kuroma",
        "London Grammar",
        "Lykke Li",
        "Major Lazer",
        "Melanie De Biasio",
        "Metallica",
        "Metronomy",
        "MGMT",
        "Midlake",
        "Miles Kane",
        "Milow",
        "Moderat",
        "Oscar & The Wolf",
        "Ozark Henry",
        "Paolo Nutini",
        "Parov Stelar Band",
        "Parquet Courts",
        "Passenger",
        "Pearl Jam",
        "Pixies",
        "Placebo",
        "Radkey",
        "Reignwolf",
        "Robert Plant and the Sensational Space Shifters",
        "Rodrigo y Gabriela",
        "Royal Blood",
        "Rudimental",
        "Sam Smith",
        "Skrillex",
        "Stromae",
        "The 1975",
        "The Black Keys",
        "The Naked and Famous",
        "The Opposites",
        "The Sore Losers",
        "The Strypes",
        "The Subs",
        "The Temperance Movement",
        "The Wombats",
        "Trentemøller",
        "Triggerfinger",
        "Trixie Whitley",
        "tUnE-yArDs",
        "Twenty One Pilots",
        "Valerie June",
        "Warpaint",
        "White Lies"
    ],
    "2013": [
        "A Day To Remember",
        "Airbourne",
        "All Time Low",
        "Alt-J",
        "Angel Haze",
        "Asaf Avidan",
        "Azealia Banks",
        "Balthazar",
        "Band of Horses",
        "Bastille",
        "Black Rebel Motorcycle Club",
        "Ben Howard",
        "Biffy Clyro",
        "Bloc Party",
        "Blur",
        "Boys Noize",
        "C2C",
        "Charles Bradley and his Extraordinaires",
        "Depeche Mode",
        "Dimitri Vegas & Like Mike",
        "Disclosure",
        "Dizzee Rascal",
        "Django Django",
        "Editors",
        "Fidlar",
        "Frank Ocean",
        "Gary Clark Jr.",
        "Gogol Bordello",
        "Goose",
        "Graveyard",
        "Green Day",
        "Haim",
        "Jake Bugg",
        "James Blake",
        "Jamie Lidell",
        "Jessie Ware",
        "John Legend",
        "Jonathan Jeremiah",
        "Ke$ha",
        "Kendrick Lamar",
        "Kings of Leon",
        "Laura Mvula",
        "Lianne La Havas",
        "Major Lazer",
        "Matthew E. White",
        "Modestep",
        "Netsky (live)",
        "Nick Cave and The Bad Seeds",
        "Odd Future",
        "Of Monsters and Men",
        "Palma Violets",
        "Passenger",
        "Phoenix",
        "Rammstein",
        "Richard Hawley",
        "Rudimental",
        "Sigur Rós",
        "Stereophonics",
        "SX",
        "Tame Impala",
        "The Black Angels",
        "The Bloody Beetroots",
        "The Bots",
        "The Gaslight Anthem",
        "The Hives",
        "The Lumineers",
        "The National",
        "The Script",
        "The Van Jets",
        "Thirty Seconds To Mars",
        "Tom Odell",
        "Trash Talk",
        "Twin Forks",
        "Two Door Cinema Club",
        "Vampire Weekend",
        "Vintage Trouble",
        "Vitalic VTLZR",
        "Volbeat",
        "Youth Lagoon"
    ],
    "2012": [
        "Agnes Obel",
        "Alabama Shakes",
        "Amon Tobin",
        "Anna Calvi",
        "Azari & III",
        "Bat for Lashes",
        "Beirut",
        "Ben Howard",
        "Birdy Nam Nam",
        "Black Box Revelation",
        "Blink-182",
        "Bombay Bicycle Club",
        "Chase and Status",
        "Cypress Hill",
        "Deadmau5",
        "dEUS",
        "Die Antwoord",
        "DJ Fresh presents Fresh/live",
        "Dropkick Murphys",
        "Eastern Conference Champions",
        "Ed Sheeran",
        "Editors",
        "Elbow",
        "Florence + the Machine",
        "Garbage",
        "Gossip",
        "Incubus",
        "Isbells",
        "Jack White",
        "James Morrison",
        "James Vincent McMorrow",
        "Justice",
        "Kasabian",
        "Katy B",
        "Katzenjammer",
        "Kitty Daisy and Lewis",
        "Knife Party",
        "Kraantje Pappie",
        "Kreayshawn",
        "Lana Del Rey",
        "M. Ward",
        "M83",
        "Mac Miller",
        "Mastodon",
        "Metric",
        "Michael Kiwanuka",
        "Miles Kane",
        "Milow",
        "Mumford and Sons",
        "My Morning Jacket",
        "Netsky Live",
        "Nneka",
        "Noah and The Whale",
        "Noel Gallagher’s High Flying Birds",
        "Other Lives",
        "Paul Kalkbrenner",
        "Pearl Jam",
        "Perfume Genius",
        "Red Hot Chili Peppers",
        "Regina Spektor",
        "Rise Against",
        "School is Cool",
        "Selah Sue",
        "Simple Minds",
        "Skream ft. Sgt Pokes",
        "Skrillex",
        "Snow Patrol",
        "Steve Aoki",
        "The All-American Rejects",
        "The Cure",
        "The Hickey Underworld",
        "The Kooks",
        "The Maccabees",
        "The Temper Trap",
        "The Vaccines",
        "The xx",
        "Within Temptation",
        "Wiz Khalifa",
        "Wolfmother",
        "X",
        "‘t Hof van Commerce"
    ],
    "2011": [
        "A-Trak",
        "All Time Low",
        "Aloe Blacc",
        "Anouk",
        "Arctic Monkeys",
        "Arsenal",
        "Beady Eye",
        "Brandon Flowers",
        "Bright Eyes",
        "Bruno Mars",
        "Chase & Status",
        "Coldplay",
        "Digitalism",
        "Eels",
        "Elbow",
        "Evaline",
        "Everything Everything",
        "Fleet Foxes",
        "Goose",
        "Grinderman",
        "Grouplove",
        "Hurts",
        "I Blame Coco",
        "Iron Maiden",
        "James Blake",
        "Jenny and Johnny",
        "Jimmy Eat World",
        "Kaiser Chiefs",
        "Kasabian",
        "Ke$ha",
        "Kings of Leon",
        "Linkin Park",
        "Lissie",
        "Magnetic Man",
        "Mona",
        "My Chemical Romance",
        "OFWGKTA",
        "Ozark Henry",
        "PJ Harvey",
        "Portishead",
        "Queens of the Stone Age",
        "Rival Sons",
        "Robyn",
        "Seasick Steve",
        "Selah Sue",
        "Social Distortion",
        "Tame Impala",
        "The Black Eyed Peas",
        "The Chemical Brothers",
        "The Gaslight Anthem",
        "The Hives",
        "The National",
        "The Pretty Reckless",
        "The Subs",
        "The Vaccines",
        "Triggerfinger",
        "TV On The Radio",
        "Two Door Cinema Club",
        "Underworld",
        "Warpaint",
        "White Lies"
    ],
    "2010": [
        "30 Seconds To Mars",
        "Absynthe Minded",
        "Alice in Chains",
        "Arcade Fire",
        "Balthazar",
        "Bloody Beetroots Death Crew 77",
        "Booka Shade",
        "Channel Zero",
        "Coheed and Cambria",
        "Corinne Bailey Rae",
        "Crookers",
        "Customs",
        "Das Pop",
        "De Jeugd van Tegenwoordig",
        "Delphic",
        "Dirty Projectors",
        "Editors",
        "Empire of the Sun",
        "Faithless",
        "FLorence + the Machine",
        "Gomez",
        "Gossip",
        "Green Day",
        "Jack Johnson",
        "Kyteman’s Hiphop Orchestra",
        "La Roux",
        "LCD Soundsystem",
        "Midlake",
        "Muse",
        "P!nk",
        "Paramore",
        "Pearl Jam",
        "Phoenix",
        "Porcupine Tree",
        "Rammstein",
        "Rise Against",
        "Shameboy",
        "Skunk Anansie",
        "Stereophonics",
        "Sweet Coffee",
        "Taylor Hawkins & The Coattail Riders",
        "The Black Box Revelation",
        "The Black Keys",
        "The Gaslight Anthem",
        "The Morning Benders",
        "The Specials",
        "The Temper Trap",
        "The Ting Tings",
        "The Van Jets",
        "The xx",
        "Them Crooked Vultures",
        "Vampire Weekend",
        "Vitalic",
        "Yeasayer"
    ],
    "2009": [
        "2 Many DJ’s",
        "Amy Macdonald",
        "Arsenal",
        "Bloc Party",
        "Boys Noize",
        "Coldplay",
        "Dave Matthews Band",
        "De Jeugd van Tegenwoordig",
        "Eagles of Death Metal",
        "Elbow",
        "Emiliana Torrini",
        "Expatriate",
        "Fleet Foxes",
        "Franz Ferdinand",
        "Ghinzu",
        "Grace Jones",
        "Henry Rollins (spoken word)",
        "Jason Mraz",
        "Jasper Erkens",
        "Just Jack",
        "Kaiser Chiefs",
        "Katy Perry",
        "Kings of Leon",
        "Lady Gaga",
        "Lady Linn & Her Magnificent Seven",
        "Laurent Garnier",
        "Lily Allen",
        "Limp Bizkit",
        "M. Ward",
        "Mastodon",
        "Metallica",
        "Metro Station",
        "Milk Inc.",
        "Mogwai",
        "Nick Cave and the Bad Seeds",
        "Nine Inch Nails",
        "Oasis",
        "Pendulum",
        "Placebo",
        "Priscilla Ahn",
        "Regina Spektor",
        "Rodrigo y Gabriela",
        "Röyksopp",
        "Seasick Steve",
        "Social Distortion",
        "The Black Eyed Peas",
        "The Hickey Underworld",
        "The Killers",
        "The Mars Volta",
        "The Prodigy",
        "The Script",
        "The Streets",
        "Tiga",
        "Triggerfinger",
        "White Lies",
        "Yeah Yeah Yeahs"
    ],
    "2008": [
        "2 Many DJ’s",
        "Air Traffic",
        "Anouk",
        "Band of Horses",
        "Beck",
        "Ben Folds",
        "Ben Harper & The Innoncent Criminals",
        "Cool Kids",
        "Counting Crows",
        "dEUS",
        "Devotchka",
        "Digitalism",
        "Donavon Frankenreiter",
        "Duffy",
        "Editors",
        "Galactic",
        "Gnarls Barkley",
        "Gossip",
        "Grinderman",
        "Hercules And Love Affair",
        "Hot Chip",
        "Jay-Z",
        "John Butler Trio",
        "Justice",
        "Kaiser Chiefs",
        "Kate Nash",
        "Kings of Leon",
        "KT Tunstall",
        "Lenny Kravitz",
        "Mark Ronson",
        "MGMT",
        "Mika",
        "Moby",
        "Modern Skirts",
        "Monza",
        "My Morning Jacket",
        "Neil Young",
        "Panic At The Disco",
        "Patrick Watson",
        "R.E.M.",
        "Radiohead",
        "Roisin Murphy",
        "Shameboy",
        "Sigur Ros",
        "Slayer",
        "Soulwax",
        "The Black Box Revelation",
        "The Chemical Brothers",
        "The Hives",
        "The Kooks",
        "The National",
        "The Raconteurs",
        "The Verve",
        "The Whigs",
        "Tim Vanhamel",
        "Underworld",
        "Vampire Weekend",
        "Zita Swoon"
    ],
    "2007": [
        "!!!",
        "Admiral Freebee",
        "Air",
        "AirTraffic",
        "Amy Winehouse",
        "Arctic Monkeys",
        "Arno",
        "Beastie Boys",
        "Billy Talent",
        "Björk",
        "Bloc Party",
        "Blonde Redhead",
        "Cold War Kids",
        "Damien Rice",
        "Dr. Lektroluv",
        "Enter Shikari",
        "Faithless",
        "Frank Black",
        "Gabriel Rios",
        "Goose",
        "Heideroosjes",
        "Incubus",
        "Interpol",
        "Jason Mraz",
        "Joan As A Police Woman",
        "John Legend",
        "Kaiser Chiefs",
        "Keane",
        "Kings of Leon",
        "Klaxons",
        "LCD Soundsystem",
        "Lily Allen",
        "Marilyn Manson",
        "Mastodon",
        "Maxïmo Park",
        "Metallica",
        "Milow",
        "Muse",
        "My Chemical Romance",
        "Oi Va Voi",
        "Pearl Jam",
        "Peter Gabriel",
        "Queens of the Stone Age",
        "Razorlight",
        "Rufus Wainwright",
        "Satellite Party",
        "Sioen",
        "Snow Patrol",
        "Stijn",
        "The Australian Pink Floyd Show",
        "The Bad & The Queen",
        "The Bravery",
        "The Chemical Brothers",
        "The Good",
        "The Bad and The Queen",
        "The Hold Steady",
        "The Killers",
        "The Kooks",
        "The Van Jets",
        "Tori Amos",
        "Zornik"
    ],
    "2006": [
        "2 Many DJ’s",
        "A Brand",
        "Absynthe Minded",
        "An Pierlé & White Velvet",
        "And Did We Mention Our Disco",
        "Anouk",
        "Arctic Monkeys",
        "Arsenal",
        "Atmosphere",
        "Ben Harper",
        "Bettye Lavette",
        "Calexico",
        "Clap Your Hands Say Yeah",
        "Collective Soul",
        "Damian ‘Jr Gong’ Marley",
        "Danko Jones",
        "Death Cab for Cutie",
        "Deftones",
        "Depeche Mode",
        "dEUS",
        "Donavon Frankenreiter",
        "Editors",
        "Eels",
        "Elbow",
        "Franz Ferdinand",
        "Goldfrapp",
        "Hard-Fi",
        "Hooverphonic",
        "Kaiser Chiefs",
        "Kaizers Orchestra",
        "Kanye West",
        "Laurent Garnier",
        "Leela James",
        "Live",
        "Manu Chao Radio Bemba Soundsystem",
        "Matisyahu",
        "Mogwai",
        "Muse",
        "Nailpin",
        "Placebo",
        "Radio Soulwax with Vitalic",
        "Red Hot Chili Peppers",
        "Robert Plant",
        "Roger Sanchez",
        "Scissor Sisters",
        "Sean Paul",
        "Sigur Ros",
        "Skin",
        "Soulwax Nite Versions",
        "Starsailor",
        "Super Discount",
        "The Black Eyed Peas",
        "The Feeling",
        "The Kooks",
        "The Raconteurs",
        "The Streets",
        "The Who",
        "Tiga",
        "Tool",
        "Wolfmother",
        "Xavier Rudd"
    ],
    "2005": [
        "Admiral Freebee",
        "Armand Van Helden",
        "Arno",
        "Arsenal",
        "Athlete",
        "Audioslave",
        "Bloc Party",
        "Daan",
        "De La Vega",
        "Eagles of Death Metal",
        "Elvis Costello & The Imposters",
        "Faithless",
        "Feeder",
        "Flogging Molly",
        "Foo Fighters",
        "Gabriel Rios",
        "Garbage",
        "Green Day",
        "Interpol",
        "Jamie Cullum",
        "Jimmy Eat World",
        "Kane",
        "Keane",
        "Kraftwerk",
        "KT Tunstall",
        "Millionaire",
        "Monza",
        "New Order",
        "Nine Inch Nails",
        "Ozark Henry",
        "Pennywise",
        "Queens of the Stone Age",
        "R.E.M.",
        "Rammstein",
        "Rilo Kiley",
        "Roisin Murphy",
        "Sarah Bettens",
        "Saul Williams",
        "Simple Plan",
        "Sioen",
        "Snoop Dogg",
        "Soulwax",
        "Stash",
        "The Bravery",
        "The Chemical Brothers",
        "The Dears",
        "The Dresden Dolls",
        "The Game",
        "The Kills",
        "The Tears",
        "Therapy?",
        "Thievery Corporation",
        "Tom Helsen",
        "Tom McRae",
        "Trail of Dead",
        "Velvet Revolver",
        "Within Temptation",
        "Zita Swoon",
        "‘t Hof van Commerce"
    ],
    "2004": [
        "2 Many DJ’s",
        "Admiral Freebee",
        "Air",
        "Arsenal",
        "Basement Jaxx",
        "Ben Harper & The Innocent Criminals",
        "Black Rebel Motorcycle Club",
        "Broken Social Scene",
        "Cypress Hill",
        "Daan",
        "Danko Jones",
        "Dropkick Murphys",
        "El Tattoo Del Tigre",
        "Flip Kowlier",
        "Franz Ferdinand",
        "Girls in Hawaii",
        "Heideroosjes",
        "Jasper Steverlinck",
        "Joss Stone",
        "Korn",
        "Kosheen",
        "Lamb",
        "Lenny Kravitz",
        "Lostprophets",
        "Magnus",
        "Metallica",
        "Michael Franti & Spearhead",
        "Modest Mouse",
        "Moloko",
        "Monster Magnet",
        "Muse",
        "N.E.R.D",
        "Nelly Furtado",
        "Novastar",
        "P!nk",
        "Pixies",
        "PJ Harvey",
        "Placebo",
        "Roy Paci & Aretuska",
        "Sean Paul",
        "Sioen",
        "Sophia",
        "Starsailor",
        "Sugababes",
        "T. Raumschmiere",
        "The Bees",
        "The Black Eyed Peas",
        "The Cure",
        "The Darkness",
        "The Rapture",
        "The Rasmus",
        "The Von Bondies",
        "Thou",
        "Tortoise",
        "Triggerfinger",
        "Wilco",
        "Within Temptation",
        "Wu-Tang Clan",
        "Zero 7",
        "Zornik"
    ],
    "2003": [
        "2 Many DJ’s",
        "Anouk",
        "Arno",
        "Audio Bullys",
        "Björk",
        "Buscemi",
        "Calexico",
        "Coldplay",
        "Counting Crows",
        "Cypress Hill",
        "Danko Jones",
        "Das Pop",
        "Dave Gahan",
        "De La Soul",
        "Feeder",
        "Good Charlotte",
        "Gotan Project",
        "Grandaddy",
        "Interpol",
        "Janez Detd.",
        "Krezip",
        "Lemon",
        "Los Lobos",
        "Massive Attack",
        "Metallica",
        "Millionaire",
        "Moby",
        "Moloko",
        "Morgan Heritage",
        "Ozark Henry",
        "Queens of the Stone Age",
        "R.E.M.",
        "Radiohead",
        "Roÿksopp",
        "Saïan Supa Crew",
        "Skin",
        "Something Corporate",
        "Stereophonics",
        "Stone Sour",
        "Supergrass",
        "Susheela Raman",
        "The Cardigans",
        "The Datsuns",
        "The Polyphonic Spree",
        "The Roots",
        "The Streets",
        "Timo Maas",
        "Tom McRae",
        "Tricky",
        "Underworld",
        "Xzibit",
        "Zuco 103",
        "‘t Hof van Commerce"
    ],
    "2002": [
        ".calibre",
        "2 Many DJ’s",
        "Air",
        "An Pierlé",
        "Arid",
        "Arno",
        "Black Rebel Motorcycle Club",
        "Brainpower",
        "Bush",
        "Calexico",
        "Carl Cox",
        "Coldplay",
        "Cornelius",
        "dEUS",
        "Dropkick Murphys",
        "Ed Harcourt",
        "Erykah Badu",
        "Faithless",
        "Hawksley Workman and the Wolves",
        "Heather Nova",
        "Hoobastank",
        "Kane",
        "Lamb",
        "Lambchop",
        "Luke Slater",
        "Madrugada",
        "Mercury Rev",
        "Michael Franti & Spearhead",
        "Millionaire",
        "Morcheeba",
        "Neeka",
        "Nelly Furtado",
        "Ozark Henry",
        "Ozomatli",
        "Praga Khan",
        "Queens of the Stone Age",
        "Rammstein",
        "Red Hot Chili Peppers",
        "Rival Schools",
        "Roger Sanchez",
        "Sonic Youth",
        "Starsailor",
        "The Chemical Brothers",
        "Thé Lau",
        "The Notwist",
        "The White Stripes",
        "Within Temptation",
        "Yann Tiersen",
        "Zornik"
    ],
    "2001": [
        "Afro Celt Sound System",
        "Aimee Mann",
        "Anouk",
        "Ash",
        "Basement Jaxx",
        "Beck",
        "Ben Harper & The Innocent Criminals",
        "Buscemi",
        "DAAU",
        "Dandy Warhols",
        "Das Pop",
        "David Gray",
        "De Mens",
        "Deftones",
        "Faithless",
        "Feeder",
        "Fun Lovin’ Criminals",
        "George Thorogood",
        "Goldfrapp",
        "Grandaddy",
        "Hooverphonic",
        "Incubus",
        "JJ72",
        "Kosheen",
        "Krezip",
        "Laïs",
        "Laurent Garnier",
        "Manu Chao",
        "Mauro",
        "Monza",
        "Muse",
        "Novastar",
        "PJ Harvey",
        "Placebo",
        "Postmen",
        "Queens of the Stone Age",
        "Reprazent",
        "Roger Sanchez",
        "Roxy Music",
        "Sigur Ros",
        "Sparklehorse",
        "St Germain",
        "Stereo MC’s",
        "Stereophonics",
        "Sting",
        "Suzanne Vega",
        "Talvin Singh",
        "The Black Crowes",
        "Tom McRae",
        "Tool",
        "Train",
        "Weezer",
        "Wheatus",
        "Zita Swoon"
    ],
    "2000": [
        "A Perfect Circle",
        "An Pierlé",
        "Arid",
        "Asian Dub Foundation",
        "Bomfunk MC’s",
        "Bush",
        "Counting Crows",
        "Dead Man Ray",
        "Death in Vegas",
        "Eels",
        "El Tattoo Del Tigre",
        "Elliott Smith",
        "Flaming Lips",
        "Gomez",
        "Gorki",
        "Groove Armada",
        "Heideroosjes",
        "HIM",
        "Horace Andy",
        "Jan Van Biesen",
        "Kelis",
        "Krezip",
        "Laïs",
        "Lamb",
        "Laurent Garnier",
        "Live",
        "Luke Slater",
        "Macy Gray",
        "Metal Molly",
        "Moby",
        "Muse",
        "Nine Inch Nails",
        "Nitin Sawhney",
        "Oasis",
        "Paul Weller",
        "Praga Khan",
        "Sandy Dillon",
        "Soulwax",
        "Suzanne Vega",
        "Texas",
        "The Cure",
        "Travis",
        "Venus",
        "Wheat"
    ],
    "1999": [
        "Afro Celt Sound System",
        "Anouk",
        "Arid",
        "Basement Jaxx",
        "Björn Again",
        "Blur",
        "Bryan Adams",
        "Cree Summer",
        "De Mens",
        "Everlast",
        "Faithless",
        "Fatboy Slim",
        "Flying Dewaele Brothers",
        "Green Velvet",
        "Gus Gus",
        "Heather Nova",
        "Jan Van Biesen",
        "Lamb",
        "Lenny Kravitz",
        "Live",
        "Marilyn Manson",
        "Mercury Rev",
        "Metallica",
        "Monster Magnet",
        "Noordkaap",
        "Pavement",
        "Placebo",
        "Praga Khan",
        "R.E.M.",
        "Robbie Williams",
        "Skunk Anansie",
        "Soulwax",
        "Stereophonics",
        "Suzanne Vega",
        "Texas",
        "The Chemical Brothers",
        "The Roots",
        "Tin Star",
        "Trish & Kash",
        "Wilco",
        "Zita Swoon"
    ],
    "1998": [
        "ABN",
        "Beastie Boys",
        "Ben Folds Five",
        "Ben Harper (Torhout)",
        "Björk",
        "Dave Matthews Band",
        "Dead Man Ray (Werchter)",
        "Eagle-Eye Cherry",
        "Evil Superstars",
        "Garbage",
        "Hooverphonic",
        "Junkie XL",
        "Moby",
        "Money Mark",
        "Morcheeba",
        "Nick Cave and the Bad Seeds",
        "Pulp",
        "Sonic Youth",
        "The Jon Spencer Blues Explosion",
        "Therapy?",
        "Tindersticks",
        "Tori Amos",
        "Underworld"
    ],
    "1997": [
        "16 Horsepower",
        "Beck",
        "Channel Zero",
        "Daft Punk",
        "David Bowie",
        "David Byrne",
        "dEUS",
        "Fn Lovin’ Criminals",
        "Jamiroquai",
        "Live",
        "Osdorp Posse",
        "Paul Weller",
        "Placebo",
        "Radiohead",
        "Reef",
        "Rollins Band",
        "Sheryl Crow",
        "Silverchair",
        "Skunk Anansie (Torhout)",
        "Smashing Pumpkins",
        "Spearhead",
        "Suede",
        "Supergrass",
        "The Chemical Brothers (Werchter)",
        "The Prodigy",
        "Zap Mama"
    ],
    "1996": [
        "Afghan Whigs",
        "Alanis Morissette",
        "Björk",
        "David Bowie",
        "Dog Eat Dog",
        "Foo Fighters",
        "Fun Lovin’ Criminals",
        "Grant Lee Buffalo",
        "House of Pain",
        "Massive Attack",
        "Meshell Ndegeocello",
        "Metal Molly",
        "Metal Molly (Torhout)",
        "Moby",
        "Moloko (Werchter)",
        "Moondog Jr",
        "Neil Young & Crazy Horse",
        "Presidents of the USA",
        "Pulp",
        "Radiohead",
        "Rage Against The Machine",
        "Red Hot Chili Peppers",
        "Sepultura",
        "Skunk Anansie",
        "The Prodigy",
        "Therapy?",
        "Underworld"
    ],
    "1995": [
        "Belly",
        "Ben Harper",
        "Bodycount",
        "Channel Zero",
        "Dave Matthews Band",
        "dEUS",
        "Jeff Buckley",
        "Morphine",
        "Offspring",
        "Orbital",
        "PJ Harvey",
        "R.E.M.",
        "Senser",
        "Soul Coughing",
        "Spearhead",
        "The Cranberries",
        "The Cure",
        "The Scene",
        "Therapy?",
        "Tricky",
        "Weezer"
    ],
    "1994": [
        "Aerosmith",
        "Ashbury Faith",
        "Buffalo Tom",
        "Clawfinger",
        "dEUS",
        "Galliano",
        "Grant Lee Buffalo",
        "Green Apple Quick Step",
        "Helmet",
        "John Hiatt",
        "Noordkaap",
        "Ozric Tentacles",
        "Peter Gabriel",
        "Posies",
        "Rage Against The Machine",
        "Sass Jordan",
        "Senser",
        "Sepultura",
        "Spin Doctors",
        "The Scene",
        "Therapy?",
        "Tool"
    ],
    "1993": [
        "Faith No More",
        "Lenny Kravitz",
        "Levellers",
        "Metallica",
        "Neil Young with Booker T and the MG’s",
        "Sonic Youth",
        "Sugar",
        "The Black Crowes",
        "The Tragically Hip"
    ],
    "1992": [
        "Bryan Adams",
        "Crowded House",
        "Extreme",
        "Lou Reed",
        "Luka Bloom",
        "Red Hot Chili Peppers",
        "Smashing Pumpkins",
        "The Scabs",
        "Urban Dance Squad"
    ],
    "1991": [
        "Bonnie Riatt",
        "Dave Stewart & The Spiritual Cowboys",
        "Deee-Lite featuring Bootsy Collins",
        "Happy Mondays",
        "Iggy Pop",
        "Paul Simon featuring Michael Brecker",
        "Pixies",
        "Sting featuring Vinx",
        "The Scene"
    ],
    "1990": [
        "Bob Dylan",
        "De La Soul",
        "Lenny Kravitz",
        "Mano Negra",
        "Midnight Oil",
        "Ry Cooder & David Lindley",
        "Sinéad O’Connor",
        "The Cure",
        "The Jeff Healey Band",
        "Wendy & Lisa"
    ],
    "1989": [
        "Elvis Costello",
        "Joe Jackson",
        "Lou Reed",
        "Nick Cave & The Bad Seeds",
        "Pixies",
        "R.E.M.",
        "Tanita Tikaram",
        "Texas",
        "The Robert Cray Band"
    ],
    "1988": [
        "10.000 Maniacs",
        "Bryan Adams",
        "Carmel",
        "INXS",
        "John Hiatt",
        "Los Lobos",
        "Sting",
        "Ziggy Marley & The Melody Makers"
    ],
    "1987": [
        "Echo & The Bunnymen",
        "Eurythmics",
        "Iggy Pop",
        "Julian Cope",
        "Peter Gabriel",
        "The Housemartins",
        "The Pretenders",
        "The Triffids"
    ],
    "1986": [
        "Elvis Costello and the Attractions",
        "Lloyd Cole and the Commotions",
        "Simple Minds",
        "Simply Red",
        "Talk Talk",
        "The Beat Farmers",
        "The Robert Cray Band",
        "The Waterboys",
        "UB40"
    ],
    "1985": [
        "Depeche Mode",
        "Joe Cocker",
        "Lloyd Cole and the Commotions",
        "Paul Young and the Royal Family",
        "R.E.M.",
        "The Ramones",
        "The Style Council",
        "U2"
    ],
    "1984": [
        "Billy Bragg (Torhout only)",
        "Chris Rea",
        "David Johansen",
        "Joe Jackson",
        "John Hiatt",
        "Lou Reed",
        "Nona Hendryx",
        "Simple Minds",
        "The Alarm"
    ],
    "1983": [
        "Eurythmics",
        "John Cale",
        "Peter Gabriel",
        "Simple Minds",
        "The Scabs",
        "U2",
        "Van Morrison",
        "Warren Zevon"
    ],
    "1982": [
        "Allez Allez",
        "Jackson Browne",
        "Mink DeVille",
        "Talking Heads",
        "The Members",
        "The Steve Miller Band",
        "Tom Tom Club",
        "U2"
    ],
    "1981": [
        "De Kreuners (Werchter only)",
        "Dire Straits",
        "Elvis Costello and the Attractions",
        "Robert Palmer",
        "T.C. Matic (Torhout only)",
        "The Cure",
        "The Undertones",
        "Toots & The Maytals"
    ],
    "1980": [
        "Fischer-Z",
        "Jo Lemaire & Flouze",
        "Kevin Ayers",
        "Mink DeVille",
        "Steel Pulse (Torhout only)",
        "The Blues Band (Werchter only)",
        "The Kinks",
        "The Specials"
    ],
    "1979": [
        "Dire Straits",
        "Kevin Coyne",
        "Raymond van het Groenewoud & De Centimeters",
        "Rory Gallagher",
        "Talking Heads",
        "The Bintangs",
        "Tom Robinson Band"
    ],
    "1978": [
        "Dr. Feelgood",
        "Frisbee (Torhout only)",
        "Gruppo Sportivo",
        "Nick Lowe & Dave Edmunds & Rockpile",
        "Raymond van het Groenewoud",
        "Talking Heads",
        "The Runaways"
    ],
    "1977": [
        "Dr. Feelgood",
        "Jan Akkerman",
        "Kayak",
        "Kaz Lux & Bien Servi",
        "Philip Catherine",
        "St. James (Torhout only)",
        "The Bintangs"
    ],
    "1976": [
        "Alquin (NL)",
        "Fifth Ball Gang (B)",
        "Kayak (NL)",
        "The Bintangs (NL)",
        "Working Class Band (B)"
    ],
    "1975": [
        "Banzai (B)",
        "Hold Up (B)",
        "Kandahar (B)",
        "Sock & Soul (Big Bill Krakkebaas) (B)",
        "Stormy Monday (B)",
        "Vulgus (B)"
    ]
}